{
  "population":{
    "color_domain": [2000000, 6000000, 10000000, 30000000, 60000000, 80000000],
    "color_range": ["#adfcad", "#ffcb40", "#ffba00", "#ff7d73", "#ff4e40", "#ff1300", "#ff9300"],
    "ext_color_domain": [2000000, 6000000, 10000000, 30000000, 60000000, 80000000],
    "legend_labels": ["< 2,000,000", "6,000,000+", "10,000,000+", "30,000,000+", "60,000,000+", "> 80,000,000"]
  },
  "at_risk":{
    "color_domain": [10, 30, 50, 70, 90],
    "color_range": ["#adfcad", "#ffcb40", "#ffba00", "#ff7d73", "#ff4e40", "#ff1300"],
    "ext_color_domain": [10, 30, 50, 70, 90],
    "legend_labels": ["< 10%", "30%+", "50%+", "70%+", ">90%+"]
  },
  "at_risk_high":{
    "color_domain": [10, 30, 50, 70, 90],
    "color_range": ["#adfcad", "#ffcb40", "#ffba00", "#ff7d73", "#ff4e40", "#ff1300"],
    "ext_color_domain": [10, 30, 50, 70, 90],
    "legend_labels": ["< 10%", "30%+", "50%+", "70%+", ">90%+"]
  },
  "malaria_cases":{
    "color_domain": [1000, 10000, 100000, 1000000, 10000000, 20000000],
    "color_range": ["#adfcad", "#ffcb40", "#ffba00", "#ff7d73", "#ff4e40", "#ff1300", "#ff9300"],
    "ext_color_domain": [1000, 10000, 100000, 1000000, 10000000, 20000000],
    "legend_labels": ["< 1,000", "10,000+", "100,000+", "1,000,000+", "10,000,000+", "> 20,000,000"]
  },
  "suspected_malaria_cases":{
    "color_domain": [1000, 10000, 100000, 10000000, 15000000, 20000000],
    "color_range": ["#adfcad", "#ffcb40", "#ffba00", "#ff7d73", "#ff4e40", "#ff1300", "#ff9300"],
    "ext_color_domain": [1000, 10000, 100000, 1000000, 10000000, 20000000],
    "legend_labels": ["< 1,000", "10,000+", "100,000+", "1,000,000+", "10,000,000+", "> 20,000,000"]
  }
}